Segmento,Sigla,Ano,Mês,Quantidade,Período
Banco Múltiplo,BM,1978,Dez,0,Dez 1978
Banco Comercial,BC,1978,Dez,108,Dez 1978
Banco de Desenvolvimento,BD,1978,Dez,14,Dez 1978
Caixas Econômicas,CE,1978,Dez,6,Dez 1978
Banco de Investimento,BI,1978,Dez,40,Dez 1978
Banco de Câmbio,B Camb,1978,Dez,0,Dez 1978
Banco Múltiplo,BM,1979,Dez,0,Dez 1979
Banco Comercial,BC,1979,Dez,110,Dez 1979
Banco de Desenvolvimento,BD,1979,Dez,14,Dez 1979
Caixas Econômicas,CE,1979,Dez,5,Dez 1979
Banco de Investimento,BI,1979,Dez,40,Dez 1979
Banco de Câmbio,B Camb,1979,Dez,0,Dez 1979
Banco Múltiplo,BM,1980,Dez,0,Dez 1980
Banco Comercial,BC,1980,Dez,114,Dez 1980
Banco de Desenvolvimento,BD,1980,Dez,14,Dez 1980
Caixas Econômicas,CE,1980,Dez,5,Dez 1980
Banco de Investimento,BI,1980,Dez,40,Dez 1980
Banco de Câmbio,B Camb,1980,Dez,0,Dez 1980
Banco Múltiplo,BM,1981,Dez,0,Dez 1981
Banco Comercial,BC,1981,Dez,113,Dez 1981
Banco de Desenvolvimento,BD,1981,Dez,14,Dez 1981
Caixas Econômicas,CE,1981,Dez,5,Dez 1981
Banco de Investimento,BI,1981,Dez,40,Dez 1981
Banco de Câmbio,B Camb,1981,Dez,0,Dez 1981
Banco Múltiplo,BM,1982,Dez,0,Dez 1982
Banco Comercial,BC,1982,Dez,115,Dez 1982
Banco de Desenvolvimento,BD,1982,Dez,14,Dez 1982
Caixas Econômicas,CE,1982,Dez,5,Dez 1982
Banco de Investimento,BI,1982,Dez,40,Dez 1982
Banco de Câmbio,B Camb,1982,Dez,0,Dez 1982
Banco Múltiplo,BM,1983,Dez,0,Dez 1983
Banco Comercial,BC,1983,Dez,112,Dez 1983
Banco de Desenvolvimento,BD,1983,Dez,14,Dez 1983
Caixas Econômicas,CE,1983,Dez,5,Dez 1983
Banco de Investimento,BI,1983,Dez,40,Dez 1983
Banco de Câmbio,B Camb,1983,Dez,0,Dez 1983
Banco Múltiplo,BM,1984,Dez,0,Dez 1984
Banco Comercial,BC,1984,Dez,110,Dez 1984
Banco de Desenvolvimento,BD,1984,Dez,14,Dez 1984
Caixas Econômicas,CE,1984,Dez,5,Dez 1984
Banco de Investimento,BI,1984,Dez,40,Dez 1984
Banco de Câmbio,B Camb,1984,Dez,0,Dez 1984
Banco Múltiplo,BM,1985,Dez,0,Dez 1985
Banco Comercial,BC,1985,Dez,105,Dez 1985
Banco de Desenvolvimento,BD,1985,Dez,14,Dez 1985
Caixas Econômicas,CE,1985,Dez,5,Dez 1985
Banco de Investimento,BI,1985,Dez,36,Dez 1985
Banco de Câmbio,B Camb,1985,Dez,0,Dez 1985
Banco Múltiplo,BM,1986,Dez,0,Dez 1986
Banco Comercial,BC,1986,Dez,103,Dez 1986
Banco de Desenvolvimento,BD,1986,Dez,14,Dez 1986
Caixas Econômicas,CE,1986,Dez,5,Dez 1986
Banco de Investimento,BI,1986,Dez,38,Dez 1986
Banco de Câmbio,B Camb,1986,Dez,0,Dez 1986
Banco Múltiplo,BM,1987,Dez,0,Dez 1987
Banco Comercial,BC,1987,Dez,103,Dez 1987
Banco de Desenvolvimento,BD,1987,Dez,13,Dez 1987
Caixas Econômicas,CE,1987,Dez,5,Dez 1987
Banco de Investimento,BI,1987,Dez,43,Dez 1987
Banco de Câmbio,B Camb,1987,Dez,0,Dez 1987
Banco Múltiplo,BM,1988,Dez,8,Dez 1988
Banco Comercial,BC,1988,Dez,99,Dez 1988
Banco de Desenvolvimento,BD,1988,Dez,11,Dez 1988
Caixas Econômicas,CE,1988,Dez,5,Dez 1988
Banco de Investimento,BI,1988,Dez,55,Dez 1988
Banco de Câmbio,B Camb,1988,Dez,0,Dez 1988
Banco Múltiplo,BM,1989,Dez,114,Dez 1989
Banco Comercial,BC,1989,Dez,61,Dez 1989
Banco de Desenvolvimento,BD,1989,Dez,10,Dez 1989
Caixas Econômicas,CE,1989,Dez,4,Dez 1989
Banco de Investimento,BI,1989,Dez,35,Dez 1989
Banco de Câmbio,B Camb,1989,Dez,0,Dez 1989
Banco Múltiplo,BM,1990,Dez,166,Dez 1990
Banco Comercial,BC,1990,Dez,50,Dez 1990
Banco de Desenvolvimento,BD,1990,Dez,11,Dez 1990
Caixas Econômicas,CE,1990,Dez,2,Dez 1990
Banco de Investimento,BI,1990,Dez,26,Dez 1990
Banco de Câmbio,B Camb,1990,Dez,0,Dez 1990
Banco Múltiplo,BM,1991,Dez,181,Dez 1991
Banco Comercial,BC,1991,Dez,46,Dez 1991
Banco de Desenvolvimento,BD,1991,Dez,11,Dez 1991
Caixas Econômicas,CE,1991,Dez,2,Dez 1991
Banco de Investimento,BI,1991,Dez,22,Dez 1991
Banco de Câmbio,B Camb,1991,Dez,0,Dez 1991
Banco Múltiplo,BM,1992,Dez,192,Dez 1992
Banco Comercial,BC,1992,Dez,42,Dez 1992
Banco de Desenvolvimento,BD,1992,Dez,10,Dez 1992
Caixas Econômicas,CE,1992,Dez,2,Dez 1992
Banco de Investimento,BI,1992,Dez,20,Dez 1992
Banco de Câmbio,B Camb,1992,Dez,0,Dez 1992
Banco Múltiplo,BM,1993,Dez,199,Dez 1993
Banco Comercial,BC,1993,Dez,41,Dez 1993
Banco de Desenvolvimento,BD,1993,Dez,9,Dez 1993
Caixas Econômicas,CE,1993,Dez,2,Dez 1993
Banco de Investimento,BI,1993,Dez,18,Dez 1993
Banco de Câmbio,B Camb,1993,Dez,0,Dez 1993
Banco Múltiplo,BM,1994,Dez,204,Dez 1994
Banco Comercial,BC,1994,Dez,38,Dez 1994
Banco de Desenvolvimento,BD,1994,Dez,6,Dez 1994
Caixas Econômicas,CE,1994,Dez,2,Dez 1994
Banco de Investimento,BI,1994,Dez,19,Dez 1994
Banco de Câmbio,B Camb,1994,Dez,0,Dez 1994
Banco Múltiplo,BM,1995,Dez,200,Dez 1995
Banco Comercial,BC,1995,Dez,36,Dez 1995
Banco de Desenvolvimento,BD,1995,Dez,6,Dez 1995
Caixas Econômicas,CE,1995,Dez,2,Dez 1995
Banco de Investimento,BI,1995,Dez,18,Dez 1995
Banco de Câmbio,B Camb,1995,Dez,0,Dez 1995
Banco Múltiplo,BM,1996,Dez,190,Dez 1996
Banco Comercial,BC,1996,Dez,37,Dez 1996
Banco de Desenvolvimento,BD,1996,Dez,6,Dez 1996
Caixas Econômicas,CE,1996,Dez,2,Dez 1996
Banco de Investimento,BI,1996,Dez,23,Dez 1996
Banco de Câmbio,B Camb,1996,Dez,0,Dez 1996
Banco Múltiplo,BM,1997,Dez,174,Dez 1997
Banco Comercial,BC,1997,Dez,37,Dez 1997
Banco de Desenvolvimento,BD,1997,Dez,6,Dez 1997
Caixas Econômicas,CE,1997,Dez,2,Dez 1997
Banco de Investimento,BI,1997,Dez,22,Dez 1997
Banco de Câmbio,B Camb,1997,Dez,0,Dez 1997
Banco Múltiplo,BM,1998,Dez,170,Dez 1998
Banco Comercial,BC,1998,Dez,31,Dez 1998
Banco de Desenvolvimento,BD,1998,Dez,6,Dez 1998
Caixas Econômicas,CE,1998,Dez,2,Dez 1998
Banco de Investimento,BI,1998,Dez,21,Dez 1998
Banco de Câmbio,B Camb,1998,Dez,0,Dez 1998
Banco Múltiplo,BM,1999,Dez,164,Dez 1999
Banco Comercial,BC,1999,Dez,28,Dez 1999
Banco de Desenvolvimento,BD,1999,Dez,4,Dez 1999
Caixas Econômicas,CE,1999,Dez,1,Dez 1999
Banco de Investimento,BI,1999,Dez,22,Dez 1999
Banco de Câmbio,B Camb,1999,Dez,0,Dez 1999
Banco Múltiplo,BM,2000,Dez,159,Dez 2000
Banco Comercial,BC,2000,Dez,30,Dez 2000
Banco de Desenvolvimento,BD,2000,Dez,5,Dez 2000
Caixas Econômicas,CE,2000,Dez,1,Dez 2000
Banco de Investimento,BI,2000,Dez,20,Dez 2000
Banco de Câmbio,B Camb,2000,Dez,0,Dez 2000
Banco Múltiplo,BM,2001,Dez,146,Dez 2001
Banco Comercial,BC,2001,Dez,30,Dez 2001
Banco de Desenvolvimento,BD,2001,Dez,4,Dez 2001
Caixas Econômicas,CE,2001,Dez,1,Dez 2001
Banco de Investimento,BI,2001,Dez,20,Dez 2001
Banco de Câmbio,B Camb,2001,Dez,0,Dez 2001
Banco Múltiplo,BM,2002,Dez,139,Dez 2002
Banco Comercial,BC,2002,Dez,25,Dez 2002
Banco de Desenvolvimento,BD,2002,Dez,4,Dez 2002
Caixas Econômicas,CE,2002,Dez,1,Dez 2002
Banco de Investimento,BI,2002,Dez,24,Dez 2002
Banco de Câmbio,B Camb,2002,Dez,0,Dez 2002
Banco Múltiplo,BM,2003,Dez,139,Dez 2003
Banco Comercial,BC,2003,Dez,24,Dez 2003
Banco de Desenvolvimento,BD,2003,Dez,4,Dez 2003
Caixas Econômicas,CE,2003,Dez,1,Dez 2003
Banco de Investimento,BI,2003,Dez,22,Dez 2003
Banco de Câmbio,B Camb,2003,Dez,0,Dez 2003
Banco Múltiplo,BM,2004,Dez,141,Dez 2004
Banco Comercial,BC,2004,Dez,25,Dez 2004
Banco de Desenvolvimento,BD,2004,Dez,4,Dez 2004
Caixas Econômicas,CE,2004,Dez,1,Dez 2004
Banco de Investimento,BI,2004,Dez,22,Dez 2004
Banco de Câmbio,B Camb,2004,Dez,0,Dez 2004
Banco Múltiplo,BM,2005,Dez,136,Dez 2005
Banco Comercial,BC,2005,Dez,23,Dez 2005
Banco de Desenvolvimento,BD,2005,Dez,4,Dez 2005
Caixas Econômicas,CE,2005,Dez,1,Dez 2005
Banco de Investimento,BI,2005,Dez,20,Dez 2005
Banco de Câmbio,B Camb,2005,Dez,0,Dez 2005
Banco Múltiplo,BM,2006,Dez,137,Dez 2006
Banco Comercial,BC,2006,Dez,22,Dez 2006
Banco de Desenvolvimento,BD,2006,Dez,4,Dez 2006
Caixas Econômicas,CE,2006,Dez,1,Dez 2006
Banco de Investimento,BI,2006,Dez,18,Dez 2006
Banco de Câmbio,B Camb,2006,Dez,0,Dez 2006
Banco Múltiplo,BM,2007,Dez,135,Dez 2007
Banco Comercial,BC,2007,Dez,21,Dez 2007
Banco de Desenvolvimento,BD,2007,Dez,4,Dez 2007
Caixas Econômicas,CE,2007,Dez,1,Dez 2007
Banco de Investimento,BI,2007,Dez,17,Dez 2007
Banco de Câmbio,B Camb,2007,Dez,0,Dez 2007
Banco Múltiplo,BM,2008,Dez,138,Dez 2008
Banco Comercial,BC,2008,Dez,21,Dez 2008
Banco de Desenvolvimento,BD,2008,Dez,4,Dez 2008
Caixas Econômicas,CE,2008,Dez,1,Dez 2008
Banco de Investimento,BI,2008,Dez,18,Dez 2008
Banco de Câmbio,B Camb,2008,Dez,0,Dez 2008
Banco Múltiplo,BM,2009,Jun,145,Jun 2009
Banco Comercial,BC,2009,Jun,19,Jun 2009
Banco de Desenvolvimento,BD,2009,Jun,4,Jun 2009
Caixas Econômicas,CE,2009,Jun,1,Jun 2009
Banco de Investimento,BI,2009,Jun,16,Jun 2009
Banco de Câmbio,B Camb,2009,Jun,0,Jun 2009
Banco Múltiplo,BM,2009,Jul,145,Jul 2009
Banco Comercial,BC,2009,Jul,19,Jul 2009
Banco de Desenvolvimento,BD,2009,Jul,4,Jul 2009
Caixas Econômicas,CE,2009,Jul,1,Jul 2009
Banco de Investimento,BI,2009,Jul,16,Jul 2009
Banco de Câmbio,B Camb,2009,Jul,0,Jul 2009
Banco Múltiplo,BM,2009,Ago,145,Ago 2009
Banco Comercial,BC,2009,Ago,19,Ago 2009
Banco de Desenvolvimento,BD,2009,Ago,4,Ago 2009
Caixas Econômicas,CE,2009,Ago,1,Ago 2009
Banco de Investimento,BI,2009,Ago,16,Ago 2009
Banco de Câmbio,B Camb,2009,Ago,0,Ago 2009
Banco Múltiplo,BM,2009,Set,144,Set 2009
Banco Comercial,BC,2009,Set,19,Set 2009
Banco de Desenvolvimento,BD,2009,Set,4,Set 2009
Caixas Econômicas,CE,2009,Set,1,Set 2009
Banco de Investimento,BI,2009,Set,16,Set 2009
Banco de Câmbio,B Camb,2009,Set,0,Set 2009
Banco Múltiplo,BM,2009,Out,143,Out 2009
Banco Comercial,BC,2009,Out,19,Out 2009
Banco de Desenvolvimento,BD,2009,Out,4,Out 2009
Caixas Econômicas,CE,2009,Out,1,Out 2009
Banco de Investimento,BI,2009,Out,16,Out 2009
Banco de Câmbio,B Camb,2009,Out,0,Out 2009
Banco Múltiplo,BM,2009,Nov,143,Nov 2009
Banco Comercial,BC,2009,Nov,19,Nov 2009
Banco de Desenvolvimento,BD,2009,Nov,4,Nov 2009
Caixas Econômicas,CE,2009,Nov,1,Nov 2009
Banco de Investimento,BI,2009,Nov,16,Nov 2009
Banco de Câmbio,B Camb,2009,Nov,0,Nov 2009
Banco Múltiplo,BM,2009,Dez,145,Dez 2009
Banco Comercial,BC,2009,Dez,19,Dez 2009
Banco de Desenvolvimento,BD,2009,Dez,4,Dez 2009
Caixas Econômicas,CE,2009,Dez,1,Dez 2009
Banco de Investimento,BI,2009,Dez,16,Dez 2009
Banco de Câmbio,B Camb,2009,Dez,0,Dez 2009
Banco Múltiplo,BM,2010,Jan,143,Jan 2010
Banco Comercial,BC,2010,Jan,20,Jan 2010
Banco de Desenvolvimento,BD,2010,Jan,4,Jan 2010
Caixas Econômicas,CE,2010,Jan,1,Jan 2010
Banco de Investimento,BI,2010,Jan,16,Jan 2010
Banco de Câmbio,B Camb,2010,Jan,1,Jan 2010
Banco Múltiplo,BM,2010,Fev,142,Fev 2010
Banco Comercial,BC,2010,Fev,20,Fev 2010
Banco de Desenvolvimento,BD,2010,Fev,4,Fev 2010
Caixas Econômicas,CE,2010,Fev,1,Fev 2010
Banco de Investimento,BI,2010,Fev,16,Fev 2010
Banco de Câmbio,B Camb,2010,Fev,1,Fev 2010
Banco Múltiplo,BM,2010,Mar,141,Mar 2010
Banco Comercial,BC,2010,Mar,20,Mar 2010
Banco de Desenvolvimento,BD,2010,Mar,4,Mar 2010
Caixas Econômicas,CE,2010,Mar,1,Mar 2010
Banco de Investimento,BI,2010,Mar,16,Mar 2010
Banco de Câmbio,B Camb,2010,Mar,1,Mar 2010
Banco Múltiplo,BM,2010,Abr,141,Abr 2010
Banco Comercial,BC,2010,Abr,20,Abr 2010
Banco de Desenvolvimento,BD,2010,Abr,4,Abr 2010
Caixas Econômicas,CE,2010,Abr,1,Abr 2010
Banco de Investimento,BI,2010,Abr,17,Abr 2010
Banco de Câmbio,B Camb,2010,Abr,1,Abr 2010
Banco Múltiplo,BM,2010,Mai,141,Mai 2010
Banco Comercial,BC,2010,Mai,20,Mai 2010
Banco de Desenvolvimento,BD,2010,Mai,4,Mai 2010
Caixas Econômicas,CE,2010,Mai,1,Mai 2010
Banco de Investimento,BI,2010,Mai,16,Mai 2010
Banco de Câmbio,B Camb,2010,Mai,1,Mai 2010
Banco Múltiplo,BM,2010,Jun,141,Jun 2010
Banco Comercial,BC,2010,Jun,20,Jun 2010
Banco de Desenvolvimento,BD,2010,Jun,4,Jun 2010
Caixas Econômicas,CE,2010,Jun,1,Jun 2010
Banco de Investimento,BI,2010,Jun,16,Jun 2010
Banco de Câmbio,B Camb,2010,Jun,1,Jun 2010
Banco Múltiplo,BM,2010,Jul,140,Jul 2010
Banco Comercial,BC,2010,Jul,20,Jul 2010
Banco de Desenvolvimento,BD,2010,Jul,4,Jul 2010
Caixas Econômicas,CE,2010,Jul,1,Jul 2010
Banco de Investimento,BI,2010,Jul,16,Jul 2010
Banco de Câmbio,B Camb,2010,Jul,1,Jul 2010
Banco Múltiplo,BM,2010,Ago,140,Ago 2010
Banco Comercial,BC,2010,Ago,20,Ago 2010
Banco de Desenvolvimento,BD,2010,Ago,4,Ago 2010
Caixas Econômicas,CE,2010,Ago,1,Ago 2010
Banco de Investimento,BI,2010,Ago,16,Ago 2010
Banco de Câmbio,B Camb,2010,Ago,1,Ago 2010
Banco Múltiplo,BM,2010,Set,140,Set 2010
Banco Comercial,BC,2010,Set,20,Set 2010
Banco de Desenvolvimento,BD,2010,Set,4,Set 2010
Caixas Econômicas,CE,2010,Set,1,Set 2010
Banco de Investimento,BI,2010,Set,16,Set 2010
Banco de Câmbio,B Camb,2010,Set,1,Set 2010
Banco Múltiplo,BM,2010,Out,140,Out 2010
Banco Comercial,BC,2010,Out,20,Out 2010
Banco de Desenvolvimento,BD,2010,Out,4,Out 2010
Caixas Econômicas,CE,2010,Out,1,Out 2010
Banco de Investimento,BI,2010,Out,16,Out 2010
Banco de Câmbio,B Camb,2010,Out,1,Out 2010
Banco Múltiplo,BM,2010,Nov,140,Nov 2010
Banco Comercial,BC,2010,Nov,20,Nov 2010
Banco de Desenvolvimento,BD,2010,Nov,4,Nov 2010
Caixas Econômicas,CE,2010,Nov,1,Nov 2010
Banco de Investimento,BI,2010,Nov,16,Nov 2010
Banco de Câmbio,B Camb,2010,Nov,1,Nov 2010
Banco Múltiplo,BM,2010,Dez,139,Dez 2010
Banco Comercial,BC,2010,Dez,20,Dez 2010
Banco de Desenvolvimento,BD,2010,Dez,4,Dez 2010
Caixas Econômicas,CE,2010,Dez,1,Dez 2010
Banco de Investimento,BI,2010,Dez,15,Dez 2010
Banco de Câmbio,B Camb,2010,Dez,2,Dez 2010
Banco Múltiplo,BM,2011,Jan,139,Jan 2011
Banco Comercial,BC,2011,Jan,20,Jan 2011
Banco de Desenvolvimento,BD,2011,Jan,4,Jan 2011
Caixas Econômicas,CE,2011,Jan,1,Jan 2011
Banco de Investimento,BI,2011,Jan,15,Jan 2011
Banco de Câmbio,B Camb,2011,Jan,2,Jan 2011
Banco Múltiplo,BM,2011,Fev,139,Fev 2011
Banco Comercial,BC,2011,Fev,20,Fev 2011
Banco de Desenvolvimento,BD,2011,Fev,4,Fev 2011
Caixas Econômicas,CE,2011,Fev,1,Fev 2011
Banco de Investimento,BI,2011,Fev,15,Fev 2011
Banco de Câmbio,B Camb,2011,Fev,2,Fev 2011
Banco Múltiplo,BM,2011,Mar,140,Mar 2011
Banco Comercial,BC,2011,Mar,20,Mar 2011
Banco de Desenvolvimento,BD,2011,Mar,4,Mar 2011
Caixas Econômicas,CE,2011,Mar,1,Mar 2011
Banco de Investimento,BI,2011,Mar,14,Mar 2011
Banco de Câmbio,B Camb,2011,Mar,2,Mar 2011
Banco Múltiplo,BM,2011,Abr,140,Abr 2011
Banco Comercial,BC,2011,Abr,20,Abr 2011
Banco de Desenvolvimento,BD,2011,Abr,4,Abr 2011
Caixas Econômicas,CE,2011,Abr,1,Abr 2011
Banco de Investimento,BI,2011,Abr,14,Abr 2011
Banco de Câmbio,B Camb,2011,Abr,2,Abr 2011
Banco Múltiplo,BM,2011,Mai,141,Mai 2011
Banco Comercial,BC,2011,Mai,21,Mai 2011
Banco de Desenvolvimento,BD,2011,Mai,4,Mai 2011
Caixas Econômicas,CE,2011,Mai,1,Mai 2011
Banco de Investimento,BI,2011,Mai,14,Mai 2011
Banco de Câmbio,B Camb,2011,Mai,2,Mai 2011
Banco Múltiplo,BM,2011,Jun,141,Jun 2011
Banco Comercial,BC,2011,Jun,21,Jun 2011
Banco de Desenvolvimento,BD,2011,Jun,4,Jun 2011
Caixas Econômicas,CE,2011,Jun,1,Jun 2011
Banco de Investimento,BI,2011,Jun,14,Jun 2011
Banco de Câmbio,B Camb,2011,Jun,2,Jun 2011
Banco Múltiplo,BM,2011,Jul,142,Jul 2011
Banco Comercial,BC,2011,Jul,21,Jul 2011
Banco de Desenvolvimento,BD,2011,Jul,4,Jul 2011
Caixas Econômicas,CE,2011,Jul,1,Jul 2011
Banco de Investimento,BI,2011,Jul,14,Jul 2011
Banco de Câmbio,B Camb,2011,Jul,2,Jul 2011
Banco Múltiplo,BM,2011,Ago,142,Ago 2011
Banco Comercial,BC,2011,Ago,21,Ago 2011
Banco de Desenvolvimento,BD,2011,Ago,4,Ago 2011
Caixas Econômicas,CE,2011,Ago,1,Ago 2011
Banco de Investimento,BI,2011,Ago,14,Ago 2011
Banco de Câmbio,B Camb,2011,Ago,2,Ago 2011
Banco Múltiplo,BM,2011,Set,142,Set 2011
Banco Comercial,BC,2011,Set,21,Set 2011
Banco de Desenvolvimento,BD,2011,Set,4,Set 2011
Caixas Econômicas,CE,2011,Set,1,Set 2011
Banco de Investimento,BI,2011,Set,14,Set 2011
Banco de Câmbio,B Camb,2011,Set,2,Set 2011
Banco Múltiplo,BM,2011,Out,139,Out 2011
Banco Comercial,BC,2011,Out,21,Out 2011
Banco de Desenvolvimento,BD,2011,Out,4,Out 2011
Caixas Econômicas,CE,2011,Out,1,Out 2011
Banco de Investimento,BI,2011,Out,14,Out 2011
Banco de Câmbio,B Camb,2011,Out,2,Out 2011
Banco Múltiplo,BM,2011,Nov,140,Nov 2011
Banco Comercial,BC,2011,Nov,21,Nov 2011
Banco de Desenvolvimento,BD,2011,Nov,4,Nov 2011
Caixas Econômicas,CE,2011,Nov,1,Nov 2011
Banco de Investimento,BI,2011,Nov,14,Nov 2011
Banco de Câmbio,B Camb,2011,Nov,2,Nov 2011
Banco Múltiplo,BM,2011,Dez,139,Dez 2011
Banco Comercial,BC,2011,Dez,21,Dez 2011
Banco de Desenvolvimento,BD,2011,Dez,4,Dez 2011
Caixas Econômicas,CE,2011,Dez,1,Dez 2011
Banco de Investimento,BI,2011,Dez,14,Dez 2011
Banco de Câmbio,B Camb,2011,Dez,2,Dez 2011
Banco Múltiplo,BM,2012,Jan,139,Jan 2012
Banco Comercial,BC,2012,Jan,21,Jan 2012
Banco de Desenvolvimento,BD,2012,Jan,4,Jan 2012
Caixas Econômicas,CE,2012,Jan,1,Jan 2012
Banco de Investimento,BI,2012,Jan,14,Jan 2012
Banco de Câmbio,B Camb,2012,Jan,2,Jan 2012
Banco Múltiplo,BM,2012,Fev,139,Fev 2012
Banco Comercial,BC,2012,Fev,22,Fev 2012
Banco de Desenvolvimento,BD,2012,Fev,4,Fev 2012
Caixas Econômicas,CE,2012,Fev,1,Fev 2012
Banco de Investimento,BI,2012,Fev,14,Fev 2012
Banco de Câmbio,B Camb,2012,Fev,2,Fev 2012
Banco Múltiplo,BM,2012,Mar,139,Mar 2012
Banco Comercial,BC,2012,Mar,23,Mar 2012
Banco de Desenvolvimento,BD,2012,Mar,4,Mar 2012
Caixas Econômicas,CE,2012,Mar,1,Mar 2012
Banco de Investimento,BI,2012,Mar,14,Mar 2012
Banco de Câmbio,B Camb,2012,Mar,2,Mar 2012
Banco Múltiplo,BM,2012,Abr,139,Abr 2012
Banco Comercial,BC,2012,Abr,23,Abr 2012
Banco de Desenvolvimento,BD,2012,Abr,4,Abr 2012
Caixas Econômicas,CE,2012,Abr,1,Abr 2012
Banco de Investimento,BI,2012,Abr,14,Abr 2012
Banco de Câmbio,B Camb,2012,Abr,2,Abr 2012
Banco Múltiplo,BM,2012,Mai,138,Mai 2012
Banco Comercial,BC,2012,Mai,23,Mai 2012
Banco de Desenvolvimento,BD,2012,Mai,4,Mai 2012
Caixas Econômicas,CE,2012,Mai,1,Mai 2012
Banco de Investimento,BI,2012,Mai,14,Mai 2012
Banco de Câmbio,B Camb,2012,Mai,2,Mai 2012
Banco Múltiplo,BM,2012,Jun,138,Jun 2012
Banco Comercial,BC,2012,Jun,23,Jun 2012
Banco de Desenvolvimento,BD,2012,Jun,4,Jun 2012
Caixas Econômicas,CE,2012,Jun,1,Jun 2012
Banco de Investimento,BI,2012,Jun,15,Jun 2012
Banco de Câmbio,B Camb,2012,Jun,2,Jun 2012
Banco Múltiplo,BM,2012,Jul,138,Jul 2012
Banco Comercial,BC,2012,Jul,23,Jul 2012
Banco de Desenvolvimento,BD,2012,Jul,4,Jul 2012
Caixas Econômicas,CE,2012,Jul,1,Jul 2012
Banco de Investimento,BI,2012,Jul,15,Jul 2012
Banco de Câmbio,B Camb,2012,Jul,2,Jul 2012
Banco Múltiplo,BM,2012,Ago,138,Ago 2012
Banco Comercial,BC,2012,Ago,23,Ago 2012
Banco de Desenvolvimento,BD,2012,Ago,4,Ago 2012
Caixas Econômicas,CE,2012,Ago,1,Ago 2012
Banco de Investimento,BI,2012,Ago,15,Ago 2012
Banco de Câmbio,B Camb,2012,Ago,2,Ago 2012
Banco Múltiplo,BM,2012,Set,136,Set 2012
Banco Comercial,BC,2012,Set,23,Set 2012
Banco de Desenvolvimento,BD,2012,Set,4,Set 2012
Caixas Econômicas,CE,2012,Set,1,Set 2012
Banco de Investimento,BI,2012,Set,15,Set 2012
Banco de Câmbio,B Camb,2012,Set,2,Set 2012
Banco Múltiplo,BM,2012,Out,136,Out 2012
Banco Comercial,BC,2012,Out,23,Out 2012
Banco de Desenvolvimento,BD,2012,Out,4,Out 2012
Caixas Econômicas,CE,2012,Out,1,Out 2012
Banco de Investimento,BI,2012,Out,15,Out 2012
Banco de Câmbio,B Camb,2012,Out,2,Out 2012
Banco Múltiplo,BM,2012,Nov,137,Nov 2012
Banco Comercial,BC,2012,Nov,23,Nov 2012
Banco de Desenvolvimento,BD,2012,Nov,4,Nov 2012
Caixas Econômicas,CE,2012,Nov,1,Nov 2012
Banco de Investimento,BI,2012,Nov,14,Nov 2012
Banco de Câmbio,B Camb,2012,Nov,2,Nov 2012
Banco Múltiplo,BM,2012,Dez,138,Dez 2012
Banco Comercial,BC,2012,Dez,23,Dez 2012
Banco de Desenvolvimento,BD,2012,Dez,4,Dez 2012
Caixas Econômicas,CE,2012,Dez,1,Dez 2012
Banco de Investimento,BI,2012,Dez,14,Dez 2012
Banco de Câmbio,B Camb,2012,Dez,2,Dez 2012
Banco Múltiplo,BM,2013,Jan,138,Jan 2013
Banco Comercial,BC,2013,Jan,23,Jan 2013
Banco de Desenvolvimento,BD,2013,Jan,4,Jan 2013
Caixas Econômicas,CE,2013,Jan,1,Jan 2013
Banco de Investimento,BI,2013,Jan,14,Jan 2013
Banco de Câmbio,B Camb,2013,Jan,2,Jan 2013
Banco Múltiplo,BM,2013,Fev,138,Fev 2013
Banco Comercial,BC,2013,Fev,23,Fev 2013
Banco de Desenvolvimento,BD,2013,Fev,4,Fev 2013
Caixas Econômicas,CE,2013,Fev,1,Fev 2013
Banco de Investimento,BI,2013,Fev,14,Fev 2013
Banco de Câmbio,B Camb,2013,Fev,2,Fev 2013
Banco Múltiplo,BM,2013,Mar,138,Mar 2013
Banco Comercial,BC,2013,Mar,23,Mar 2013
Banco de Desenvolvimento,BD,2013,Mar,4,Mar 2013
Caixas Econômicas,CE,2013,Mar,1,Mar 2013
Banco de Investimento,BI,2013,Mar,13,Mar 2013
Banco de Câmbio,B Camb,2013,Mar,2,Mar 2013
Banco Múltiplo,BM,2013,Abr,137,Abr 2013
Banco Comercial,BC,2013,Abr,23,Abr 2013
Banco de Desenvolvimento,BD,2013,Abr,4,Abr 2013
Caixas Econômicas,CE,2013,Abr,1,Abr 2013
Banco de Investimento,BI,2013,Abr,13,Abr 2013
Banco de Câmbio,B Camb,2013,Abr,2,Abr 2013
Banco Múltiplo,BM,2013,Mai,137,Mai 2013
Banco Comercial,BC,2013,Mai,23,Mai 2013
Banco de Desenvolvimento,BD,2013,Mai,4,Mai 2013
Caixas Econômicas,CE,2013,Mai,1,Mai 2013
Banco de Investimento,BI,2013,Mai,13,Mai 2013
Banco de Câmbio,B Camb,2013,Mai,2,Mai 2013
Banco Múltiplo,BM,2013,Jun,135,Jun 2013
Banco Comercial,BC,2013,Jun,23,Jun 2013
Banco de Desenvolvimento,BD,2013,Jun,4,Jun 2013
Caixas Econômicas,CE,2013,Jun,1,Jun 2013
Banco de Investimento,BI,2013,Jun,15,Jun 2013
Banco de Câmbio,B Camb,2013,Jun,2,Jun 2013
Banco Múltiplo,BM,2013,Jul,135,Jul 2013
Banco Comercial,BC,2013,Jul,23,Jul 2013
Banco de Desenvolvimento,BD,2013,Jul,4,Jul 2013
Caixas Econômicas,CE,2013,Jul,1,Jul 2013
Banco de Investimento,BI,2013,Jul,15,Jul 2013
Banco de Câmbio,B Camb,2013,Jul,2,Jul 2013
Banco Múltiplo,BM,2013,Ago,132,Ago 2013
Banco Comercial,BC,2013,Ago,23,Ago 2013
Banco de Desenvolvimento,BD,2013,Ago,4,Ago 2013
Caixas Econômicas,CE,2013,Ago,1,Ago 2013
Banco de Investimento,BI,2013,Ago,14,Ago 2013
Banco de Câmbio,B Camb,2013,Ago,2,Ago 2013
Banco Múltiplo,BM,2013,Set,131,Set 2013
Banco Comercial,BC,2013,Set,23,Set 2013
Banco de Desenvolvimento,BD,2013,Set,4,Set 2013
Caixas Econômicas,CE,2013,Set,1,Set 2013
Banco de Investimento,BI,2013,Set,14,Set 2013
Banco de Câmbio,B Camb,2013,Set,2,Set 2013
Banco Múltiplo,BM,2013,Out,132,Out 2013
Banco Comercial,BC,2013,Out,23,Out 2013
Banco de Desenvolvimento,BD,2013,Out,4,Out 2013
Caixas Econômicas,CE,2013,Out,1,Out 2013
Banco de Investimento,BI,2013,Out,14,Out 2013
Banco de Câmbio,B Camb,2013,Out,3,Out 2013
Banco Múltiplo,BM,2013,Nov,132,Nov 2013
Banco Comercial,BC,2013,Nov,23,Nov 2013
Banco de Desenvolvimento,BD,2013,Nov,4,Nov 2013
Caixas Econômicas,CE,2013,Nov,1,Nov 2013
Banco de Investimento,BI,2013,Nov,14,Nov 2013
Banco de Câmbio,B Camb,2013,Nov,3,Nov 2013
Banco Múltiplo,BM,2013,Dez,132,Dez 2013
Banco Comercial,BC,2013,Dez,23,Dez 2013
Banco de Desenvolvimento,BD,2013,Dez,4,Dez 2013
Caixas Econômicas,CE,2013,Dez,1,Dez 2013
Banco de Investimento,BI,2013,Dez,14,Dez 2013
Banco de Câmbio,B Camb,2013,Dez,3,Dez 2013
Banco Múltiplo,BM,2014,Jan,132,Jan 2014
Banco Comercial,BC,2014,Jan,23,Jan 2014
Banco de Desenvolvimento,BD,2014,Jan,4,Jan 2014
Caixas Econômicas,CE,2014,Jan,1,Jan 2014
Banco de Investimento,BI,2014,Jan,14,Jan 2014
Banco de Câmbio,B Camb,2014,Jan,3,Jan 2014
Banco Múltiplo,BM,2014,Fev,132,Fev 2014
Banco Comercial,BC,2014,Fev,23,Fev 2014
Banco de Desenvolvimento,BD,2014,Fev,4,Fev 2014
Caixas Econômicas,CE,2014,Fev,1,Fev 2014
Banco de Investimento,BI,2014,Fev,14,Fev 2014
Banco de Câmbio,B Camb,2014,Fev,3,Fev 2014
Banco Múltiplo,BM,2014,Mar,132,Mar 2014
Banco Comercial,BC,2014,Mar,23,Mar 2014
Banco de Desenvolvimento,BD,2014,Mar,4,Mar 2014
Caixas Econômicas,CE,2014,Mar,1,Mar 2014
Banco de Investimento,BI,2014,Mar,14,Mar 2014
Banco de Câmbio,B Camb,2014,Mar,3,Mar 2014
Banco Múltiplo,BM,2014,Abr,132,Abr 2014
Banco Comercial,BC,2014,Abr,23,Abr 2014
Banco de Desenvolvimento,BD,2014,Abr,4,Abr 2014
Caixas Econômicas,CE,2014,Abr,1,Abr 2014
Banco de Investimento,BI,2014,Abr,14,Abr 2014
Banco de Câmbio,B Camb,2014,Abr,3,Abr 2014
Banco Múltiplo,BM,2014,Mai,132,Mai 2014
Banco Comercial,BC,2014,Mai,23,Mai 2014
Banco de Desenvolvimento,BD,2014,Mai,4,Mai 2014
Caixas Econômicas,CE,2014,Mai,1,Mai 2014
Banco de Investimento,BI,2014,Mai,14,Mai 2014
Banco de Câmbio,B Camb,2014,Mai,3,Mai 2014
Banco Múltiplo,BM,2014,Jun,133,Jun 2014
Banco Comercial,BC,2014,Jun,22,Jun 2014
Banco de Desenvolvimento,BD,2014,Jun,4,Jun 2014
Caixas Econômicas,CE,2014,Jun,1,Jun 2014
Banco de Investimento,BI,2014,Jun,14,Jun 2014
Banco de Câmbio,B Camb,2014,Jun,3,Jun 2014
Banco Múltiplo,BM,2014,Jul,133,Jul 2014
Banco Comercial,BC,2014,Jul,22,Jul 2014
Banco de Desenvolvimento,BD,2014,Jul,4,Jul 2014
Caixas Econômicas,CE,2014,Jul,1,Jul 2014
Banco de Investimento,BI,2014,Jul,14,Jul 2014
Banco de Câmbio,B Camb,2014,Jul,3,Jul 2014
Banco Múltiplo,BM,2014,Ago,133,Ago 2014
Banco Comercial,BC,2014,Ago,22,Ago 2014
Banco de Desenvolvimento,BD,2014,Ago,4,Ago 2014
Caixas Econômicas,CE,2014,Ago,1,Ago 2014
Banco de Investimento,BI,2014,Ago,14,Ago 2014
Banco de Câmbio,B Camb,2014,Ago,3,Ago 2014
Banco Múltiplo,BM,2014,Set,132,Set 2014
Banco Comercial,BC,2014,Set,22,Set 2014
Banco de Desenvolvimento,BD,2014,Set,4,Set 2014
Caixas Econômicas,CE,2014,Set,1,Set 2014
Banco de Investimento,BI,2014,Set,14,Set 2014
Banco de Câmbio,B Camb,2014,Set,3,Set 2014
Banco Múltiplo,BM,2014,Out,132,Out 2014
Banco Comercial,BC,2014,Out,22,Out 2014
Banco de Desenvolvimento,BD,2014,Out,4,Out 2014
Caixas Econômicas,CE,2014,Out,1,Out 2014
Banco de Investimento,BI,2014,Out,14,Out 2014
Banco de Câmbio,B Camb,2014,Out,3,Out 2014
Banco Múltiplo,BM,2014,Nov,132,Nov 2014
Banco Comercial,BC,2014,Nov,22,Nov 2014
Banco de Desenvolvimento,BD,2014,Nov,4,Nov 2014
Caixas Econômicas,CE,2014,Nov,1,Nov 2014
Banco de Investimento,BI,2014,Nov,14,Nov 2014
Banco de Câmbio,B Camb,2014,Nov,3,Nov 2014
Banco Múltiplo,BM,2014,Dez,130,Dez 2014
Banco Comercial,BC,2014,Dez,22,Dez 2014
Banco de Desenvolvimento,BD,2014,Dez,4,Dez 2014
Caixas Econômicas,CE,2014,Dez,1,Dez 2014
Banco de Investimento,BI,2014,Dez,14,Dez 2014
Banco de Câmbio,B Camb,2014,Dez,3,Dez 2014
Banco Múltiplo,BM,2015,Jan,131,Jan 2015
Banco Comercial,BC,2015,Jan,21,Jan 2015
Banco de Desenvolvimento,BD,2015,Jan,4,Jan 2015
Caixas Econômicas,CE,2015,Jan,1,Jan 2015
Banco de Investimento,BI,2015,Jan,14,Jan 2015
Banco de Câmbio,B Camb,2015,Jan,3,Jan 2015
Banco Múltiplo,BM,2015,Fev,131,Fev 2015
Banco Comercial,BC,2015,Fev,21,Fev 2015
Banco de Desenvolvimento,BD,2015,Fev,4,Fev 2015
Caixas Econômicas,CE,2015,Fev,1,Fev 2015
Banco de Investimento,BI,2015,Fev,14,Fev 2015
Banco de Câmbio,B Camb,2015,Fev,3,Fev 2015
Banco Múltiplo,BM,2015,Mar,132,Mar 2015
Banco Comercial,BC,2015,Mar,20,Mar 2015
Banco de Desenvolvimento,BD,2015,Mar,4,Mar 2015
Caixas Econômicas,CE,2015,Mar,1,Mar 2015
Banco de Investimento,BI,2015,Mar,14,Mar 2015
Banco de Câmbio,B Camb,2015,Mar,3,Mar 2015
Banco Múltiplo,BM,2015,Abr,131,Abr 2015
Banco Comercial,BC,2015,Abr,21,Abr 2015
Banco de Desenvolvimento,BD,2015,Abr,4,Abr 2015
Caixas Econômicas,CE,2015,Abr,1,Abr 2015
Banco de Investimento,BI,2015,Abr,14,Abr 2015
Banco de Câmbio,B Camb,2015,Abr,3,Abr 2015
Banco Múltiplo,BM,2015,Mai,132,Mai 2015
Banco Comercial,BC,2015,Mai,21,Mai 2015
Banco de Desenvolvimento,BD,2015,Mai,4,Mai 2015
Caixas Econômicas,CE,2015,Mai,1,Mai 2015
Banco de Investimento,BI,2015,Mai,14,Mai 2015
Banco de Câmbio,B Camb,2015,Mai,3,Mai 2015
Banco Múltiplo,BM,2015,Jun,132,Jun 2015
Banco Comercial,BC,2015,Jun,21,Jun 2015
Banco de Desenvolvimento,BD,2015,Jun,4,Jun 2015
Caixas Econômicas,CE,2015,Jun,1,Jun 2015
Banco de Investimento,BI,2015,Jun,14,Jun 2015
Banco de Câmbio,B Camb,2015,Jun,3,Jun 2015
Banco Múltiplo,BM,2015,Jul,132,Jul 2015
Banco Comercial,BC,2015,Jul,21,Jul 2015
Banco de Desenvolvimento,BD,2015,Jul,4,Jul 2015
Caixas Econômicas,CE,2015,Jul,1,Jul 2015
Banco de Investimento,BI,2015,Jul,14,Jul 2015
Banco de Câmbio,B Camb,2015,Jul,3,Jul 2015
Banco Múltiplo,BM,2015,Ago,132,Ago 2015
Banco Comercial,BC,2015,Ago,21,Ago 2015
Banco de Desenvolvimento,BD,2015,Ago,4,Ago 2015
Caixas Econômicas,CE,2015,Ago,1,Ago 2015
Banco de Investimento,BI,2015,Ago,14,Ago 2015
Banco de Câmbio,B Camb,2015,Ago,3,Ago 2015
Banco Múltiplo,BM,2015,Set,132,Set 2015
Banco Comercial,BC,2015,Set,21,Set 2015
Banco de Desenvolvimento,BD,2015,Set,4,Set 2015
Caixas Econômicas,CE,2015,Set,1,Set 2015
Banco de Investimento,BI,2015,Set,14,Set 2015
Banco de Câmbio,B Camb,2015,Set,3,Set 2015
Banco Múltiplo,BM,2015,Out,133,Out 2015
Banco Comercial,BC,2015,Out,21,Out 2015
Banco de Desenvolvimento,BD,2015,Out,4,Out 2015
Caixas Econômicas,CE,2015,Out,1,Out 2015
Banco de Investimento,BI,2015,Out,14,Out 2015
Banco de Câmbio,B Camb,2015,Out,3,Out 2015
Banco Múltiplo,BM,2015,Nov,132,Nov 2015
Banco Comercial,BC,2015,Nov,21,Nov 2015
Banco de Desenvolvimento,BD,2015,Nov,4,Nov 2015
Caixas Econômicas,CE,2015,Nov,1,Nov 2015
Banco de Investimento,BI,2015,Nov,13,Nov 2015
Banco de Câmbio,B Camb,2015,Nov,3,Nov 2015
Banco Múltiplo,BM,2015,Dez,132,Dez 2015
Banco Comercial,BC,2015,Dez,21,Dez 2015
Banco de Desenvolvimento,BD,2015,Dez,4,Dez 2015
Caixas Econômicas,CE,2015,Dez,1,Dez 2015
Banco de Investimento,BI,2015,Dez,13,Dez 2015
Banco de Câmbio,B Camb,2015,Dez,3,Dez 2015
Banco Múltiplo,BM,2016,Jan,131,Jan 2016
Banco Comercial,BC,2016,Jan,21,Jan 2016
Banco de Desenvolvimento,BD,2016,Jan,4,Jan 2016
Caixas Econômicas,CE,2016,Jan,1,Jan 2016
Banco de Investimento,BI,2016,Jan,13,Jan 2016
Banco de Câmbio,B Camb,2016,Jan,3,Jan 2016
Banco Múltiplo,BM,2016,Fev,131,Fev 2016
Banco Comercial,BC,2016,Fev,21,Fev 2016
Banco de Desenvolvimento,BD,2016,Fev,4,Fev 2016
Caixas Econômicas,CE,2016,Fev,1,Fev 2016
Banco de Investimento,BI,2016,Fev,13,Fev 2016
Banco de Câmbio,B Camb,2016,Fev,3,Fev 2016
Banco Múltiplo,BM,2016,Mar,131,Mar 2016
Banco Comercial,BC,2016,Mar,21,Mar 2016
Banco de Desenvolvimento,BD,2016,Mar,4,Mar 2016
Caixas Econômicas,CE,2016,Mar,1,Mar 2016
Banco de Investimento,BI,2016,Mar,13,Mar 2016
Banco de Câmbio,B Camb,2016,Mar,3,Mar 2016
Banco Múltiplo,BM,2016,Abr,133,Abr 2016
Banco Comercial,BC,2016,Abr,20,Abr 2016
Banco de Desenvolvimento,BD,2016,Abr,4,Abr 2016
Caixas Econômicas,CE,2016,Abr,1,Abr 2016
Banco de Investimento,BI,2016,Abr,14,Abr 2016
Banco de Câmbio,B Camb,2016,Abr,3,Abr 2016
Banco Múltiplo,BM,2016,Mai,132,Mai 2016
Banco Comercial,BC,2016,Mai,21,Mai 2016
Banco de Desenvolvimento,BD,2016,Mai,4,Mai 2016
Caixas Econômicas,CE,2016,Mai,1,Mai 2016
Banco de Investimento,BI,2016,Mai,14,Mai 2016
Banco de Câmbio,B Camb,2016,Mai,3,Mai 2016
Banco Múltiplo,BM,2016,Jun,132,Jun 2016
Banco Comercial,BC,2016,Jun,21,Jun 2016
Banco de Desenvolvimento,BD,2016,Jun,4,Jun 2016
Caixas Econômicas,CE,2016,Jun,1,Jun 2016
Banco de Investimento,BI,2016,Jun,14,Jun 2016
Banco de Câmbio,B Camb,2016,Jun,3,Jun 2016
Banco Múltiplo,BM,2016,Jul,133,Jul 2016
Banco Comercial,BC,2016,Jul,21,Jul 2016
Banco de Desenvolvimento,BD,2016,Jul,4,Jul 2016
Caixas Econômicas,CE,2016,Jul,1,Jul 2016
Banco de Investimento,BI,2016,Jul,14,Jul 2016
Banco de Câmbio,B Camb,2016,Jul,3,Jul 2016
Banco Múltiplo,BM,2016,Ago,133,Ago 2016
Banco Comercial,BC,2016,Ago,21,Ago 2016
Banco de Desenvolvimento,BD,2016,Ago,4,Ago 2016
Caixas Econômicas,CE,2016,Ago,1,Ago 2016
Banco de Investimento,BI,2016,Ago,14,Ago 2016
Banco de Câmbio,B Camb,2016,Ago,3,Ago 2016
Banco Múltiplo,BM,2016,Set,133,Set 2016
Banco Comercial,BC,2016,Set,21,Set 2016
Banco de Desenvolvimento,BD,2016,Set,4,Set 2016
Caixas Econômicas,CE,2016,Set,1,Set 2016
Banco de Investimento,BI,2016,Set,14,Set 2016
Banco de Câmbio,B Camb,2016,Set,3,Set 2016
Banco Múltiplo,BM,2016,Out,133,Out 2016
Banco Comercial,BC,2016,Out,21,Out 2016
Banco de Desenvolvimento,BD,2016,Out,4,Out 2016
Caixas Econômicas,CE,2016,Out,1,Out 2016
Banco de Investimento,BI,2016,Out,14,Out 2016
Banco de Câmbio,B Camb,2016,Out,3,Out 2016
Banco Múltiplo,BM,2016,Nov,133,Nov 2016
Banco Comercial,BC,2016,Nov,21,Nov 2016
Banco de Desenvolvimento,BD,2016,Nov,4,Nov 2016
Caixas Econômicas,CE,2016,Nov,1,Nov 2016
Banco de Investimento,BI,2016,Nov,14,Nov 2016
Banco de Câmbio,B Camb,2016,Nov,3,Nov 2016
Banco Múltiplo,BM,2016,Dez,133,Dez 2016
Banco Comercial,BC,2016,Dez,21,Dez 2016
Banco de Desenvolvimento,BD,2016,Dez,4,Dez 2016
Caixas Econômicas,CE,2016,Dez,1,Dez 2016
Banco de Investimento,BI,2016,Dez,14,Dez 2016
Banco de Câmbio,B Camb,2016,Dez,3,Dez 2016
Banco Múltiplo,BM,2017,Jan,133,Jan 2017
Banco Comercial,BC,2017,Jan,21,Jan 2017
Banco de Desenvolvimento,BD,2017,Jan,4,Jan 2017
Caixas Econômicas,CE,2017,Jan,1,Jan 2017
Banco de Investimento,BI,2017,Jan,14,Jan 2017
Banco de Câmbio,B Camb,2017,Jan,3,Jan 2017
Banco Múltiplo,BM,2017,Fev,132,Fev 2017
Banco Comercial,BC,2017,Fev,21,Fev 2017
Banco de Desenvolvimento,BD,2017,Fev,4,Fev 2017
Caixas Econômicas,CE,2017,Fev,1,Fev 2017
Banco de Investimento,BI,2017,Fev,14,Fev 2017
Banco de Câmbio,B Camb,2017,Fev,3,Fev 2017
Banco Múltiplo,BM,2017,Mar,132,Mar 2017
Banco Comercial,BC,2017,Mar,21,Mar 2017
Banco de Desenvolvimento,BD,2017,Mar,4,Mar 2017
Caixas Econômicas,CE,2017,Mar,1,Mar 2017
Banco de Investimento,BI,2017,Mar,14,Mar 2017
Banco de Câmbio,B Camb,2017,Mar,3,Mar 2017
Banco Múltiplo,BM,2017,Abr,132,Abr 2017
Banco Comercial,BC,2017,Abr,21,Abr 2017
Banco de Desenvolvimento,BD,2017,Abr,4,Abr 2017
Caixas Econômicas,CE,2017,Abr,1,Abr 2017
Banco de Investimento,BI,2017,Abr,14,Abr 2017
Banco de Câmbio,B Camb,2017,Abr,3,Abr 2017
Banco Múltiplo,BM,2017,Mai,132,Mai 2017
Banco Comercial,BC,2017,Mai,21,Mai 2017
Banco de Desenvolvimento,BD,2017,Mai,4,Mai 2017
Caixas Econômicas,CE,2017,Mai,1,Mai 2017
Banco de Investimento,BI,2017,Mai,14,Mai 2017
Banco de Câmbio,B Camb,2017,Mai,3,Mai 2017
Banco Múltiplo,BM,2017,Jun,132,Jun 2017
Banco Comercial,BC,2017,Jun,21,Jun 2017
Banco de Desenvolvimento,BD,2017,Jun,4,Jun 2017
Caixas Econômicas,CE,2017,Jun,1,Jun 2017
Banco de Investimento,BI,2017,Jun,14,Jun 2017
Banco de Câmbio,B Camb,2017,Jun,3,Jun 2017
Banco Múltiplo,BM,2017,Jul,132,Jul 2017
Banco Comercial,BC,2017,Jul,21,Jul 2017
Banco de Desenvolvimento,BD,2017,Jul,4,Jul 2017
Caixas Econômicas,CE,2017,Jul,1,Jul 2017
Banco de Investimento,BI,2017,Jul,14,Jul 2017
Banco de Câmbio,B Camb,2017,Jul,3,Jul 2017
Banco Múltiplo,BM,2017,Ago,132,Ago 2017
Banco Comercial,BC,2017,Ago,21,Ago 2017
Banco de Desenvolvimento,BD,2017,Ago,4,Ago 2017
Caixas Econômicas,CE,2017,Ago,1,Ago 2017
Banco de Investimento,BI,2017,Ago,14,Ago 2017
Banco de Câmbio,B Camb,2017,Ago,3,Ago 2017
Banco Múltiplo,BM,2017,Set,132,Set 2017
Banco Comercial,BC,2017,Set,21,Set 2017
Banco de Desenvolvimento,BD,2017,Set,4,Set 2017
Caixas Econômicas,CE,2017,Set,1,Set 2017
Banco de Investimento,BI,2017,Set,14,Set 2017
Banco de Câmbio,B Camb,2017,Set,3,Set 2017
Banco Múltiplo,BM,2017,Out,133,Out 2017
Banco Comercial,BC,2017,Out,21,Out 2017
Banco de Desenvolvimento,BD,2017,Out,4,Out 2017
Caixas Econômicas,CE,2017,Out,1,Out 2017
Banco de Investimento,BI,2017,Out,13,Out 2017
Banco de Câmbio,B Camb,2017,Out,3,Out 2017
Banco Múltiplo,BM,2017,Nov,133,Nov 2017
Banco Comercial,BC,2017,Nov,21,Nov 2017
Banco de Desenvolvimento,BD,2017,Nov,4,Nov 2017
Caixas Econômicas,CE,2017,Nov,1,Nov 2017
Banco de Investimento,BI,2017,Nov,13,Nov 2017
Banco de Câmbio,B Camb,2017,Nov,3,Nov 2017
Banco Múltiplo,BM,2017,Dez,132,Dez 2017
Banco Comercial,BC,2017,Dez,21,Dez 2017
Banco de Desenvolvimento,BD,2017,Dez,4,Dez 2017
Caixas Econômicas,CE,2017,Dez,1,Dez 2017
Banco de Investimento,BI,2017,Dez,13,Dez 2017
Banco de Câmbio,B Camb,2017,Dez,3,Dez 2017
Banco Múltiplo,BM,2018,Jan,132,Jan 2018
Banco Comercial,BC,2018,Jan,21,Jan 2018
Banco de Desenvolvimento,BD,2018,Jan,4,Jan 2018
Caixas Econômicas,CE,2018,Jan,1,Jan 2018
Banco de Investimento,BI,2018,Jan,13,Jan 2018
Banco de Câmbio,B Camb,2018,Jan,3,Jan 2018
Banco Múltiplo,BM,2018,Fev,131,Fev 2018
Banco Comercial,BC,2018,Fev,21,Fev 2018
Banco de Desenvolvimento,BD,2018,Fev,4,Fev 2018
Caixas Econômicas,CE,2018,Fev,1,Fev 2018
Banco de Investimento,BI,2018,Fev,13,Fev 2018
Banco de Câmbio,B Camb,2018,Fev,3,Fev 2018
Banco Múltiplo,BM,2018,Mar,131,Mar 2018
Banco Comercial,BC,2018,Mar,21,Mar 2018
Banco de Desenvolvimento,BD,2018,Mar,4,Mar 2018
Caixas Econômicas,CE,2018,Mar,1,Mar 2018
Banco de Investimento,BI,2018,Mar,12,Mar 2018
Banco de Câmbio,B Camb,2018,Mar,4,Mar 2018
Banco Múltiplo,BM,2018,Abr,130,Abr 2018
Banco Comercial,BC,2018,Abr,21,Abr 2018
Banco de Desenvolvimento,BD,2018,Abr,4,Abr 2018
Caixas Econômicas,CE,2018,Abr,1,Abr 2018
Banco de Investimento,BI,2018,Abr,12,Abr 2018
Banco de Câmbio,B Camb,2018,Abr,4,Abr 2018
Banco Múltiplo,BM,2018,Mai,130,Mai 2018
Banco Comercial,BC,2018,Mai,20,Mai 2018
Banco de Desenvolvimento,BD,2018,Mai,4,Mai 2018
Caixas Econômicas,CE,2018,Mai,1,Mai 2018
Banco de Investimento,BI,2018,Mai,12,Mai 2018
Banco de Câmbio,B Camb,2018,Mai,4,Mai 2018
Banco Múltiplo,BM,2018,Jun,130,Jun 2018
Banco Comercial,BC,2018,Jun,20,Jun 2018
Banco de Desenvolvimento,BD,2018,Jun,4,Jun 2018
Caixas Econômicas,CE,2018,Jun,1,Jun 2018
Banco de Investimento,BI,2018,Jun,12,Jun 2018
Banco de Câmbio,B Camb,2018,Jun,4,Jun 2018
Banco Múltiplo,BM,2018,Jul,130,Jul 2018
Banco Comercial,BC,2018,Jul,20,Jul 2018
Banco de Desenvolvimento,BD,2018,Jul,4,Jul 2018
Caixas Econômicas,CE,2018,Jul,1,Jul 2018
Banco de Investimento,BI,2018,Jul,12,Jul 2018
Banco de Câmbio,B Camb,2018,Jul,4,Jul 2018
Banco Múltiplo,BM,2018,Ago,130,Ago 2018
Banco Comercial,BC,2018,Ago,20,Ago 2018
Banco de Desenvolvimento,BD,2018,Ago,4,Ago 2018
Caixas Econômicas,CE,2018,Ago,1,Ago 2018
Banco de Investimento,BI,2018,Ago,12,Ago 2018
Banco de Câmbio,B Camb,2018,Ago,4,Ago 2018
Banco Múltiplo,BM,2018,Set,131,Set 2018
Banco Comercial,BC,2018,Set,20,Set 2018
Banco de Desenvolvimento,BD,2018,Set,4,Set 2018
Caixas Econômicas,CE,2018,Set,1,Set 2018
Banco de Investimento,BI,2018,Set,12,Set 2018
Banco de Câmbio,B Camb,2018,Set,4,Set 2018
Banco Múltiplo,BM,2018,Out,131,Out 2018
Banco Comercial,BC,2018,Out,20,Out 2018
Banco de Desenvolvimento,BD,2018,Out,4,Out 2018
Caixas Econômicas,CE,2018,Out,1,Out 2018
Banco de Investimento,BI,2018,Out,12,Out 2018
Banco de Câmbio,B Camb,2018,Out,4,Out 2018
Banco Múltiplo,BM,2018,Nov,131,Nov 2018
Banco Comercial,BC,2018,Nov,20,Nov 2018
Banco de Desenvolvimento,BD,2018,Nov,4,Nov 2018
Caixas Econômicas,CE,2018,Nov,1,Nov 2018
Banco de Investimento,BI,2018,Nov,12,Nov 2018
Banco de Câmbio,B Camb,2018,Nov,4,Nov 2018
Banco Múltiplo,BM,2018,Dez,131,Dez 2018
Banco Comercial,BC,2018,Dez,20,Dez 2018
Banco de Desenvolvimento,BD,2018,Dez,4,Dez 2018
Caixas Econômicas,CE,2018,Dez,1,Dez 2018
Banco de Investimento,BI,2018,Dez,12,Dez 2018
Banco de Câmbio,B Camb,2018,Dez,4,Dez 2018
Banco Múltiplo,BM,2019,Jan,132,Jan 2019
Banco Comercial,BC,2019,Jan,20,Jan 2019
Banco de Desenvolvimento,BD,2019,Jan,4,Jan 2019
Caixas Econômicas,CE,2019,Jan,1,Jan 2019
Banco de Investimento,BI,2019,Jan,12,Jan 2019
Banco de Câmbio,B Camb,2019,Jan,4,Jan 2019
Banco Múltiplo,BM,2019,Fev,132,Fev 2019
Banco Comercial,BC,2019,Fev,21,Fev 2019
Banco de Desenvolvimento,BD,2019,Fev,4,Fev 2019
Caixas Econômicas,CE,2019,Fev,1,Fev 2019
Banco de Investimento,BI,2019,Fev,12,Fev 2019
Banco de Câmbio,B Camb,2019,Fev,4,Fev 2019
Banco Múltiplo,BM,2019,Mar,132,Mar 2019
Banco Comercial,BC,2019,Mar,21,Mar 2019
Banco de Desenvolvimento,BD,2019,Mar,4,Mar 2019
Caixas Econômicas,CE,2019,Mar,1,Mar 2019
Banco de Investimento,BI,2019,Mar,12,Mar 2019
Banco de Câmbio,B Camb,2019,Mar,4,Mar 2019
Banco Múltiplo,BM,2019,Abr,132,Abr 2019
Banco Comercial,BC,2019,Abr,21,Abr 2019
Banco de Desenvolvimento,BD,2019,Abr,4,Abr 2019
Caixas Econômicas,CE,2019,Abr,1,Abr 2019
Banco de Investimento,BI,2019,Abr,12,Abr 2019
Banco de Câmbio,B Camb,2019,Abr,4,Abr 2019
Banco Múltiplo,BM,2019,Mai,132,Mai 2019
Banco Comercial,BC,2019,Mai,21,Mai 2019
Banco de Desenvolvimento,BD,2019,Mai,4,Mai 2019
Caixas Econômicas,CE,2019,Mai,1,Mai 2019
Banco de Investimento,BI,2019,Mai,12,Mai 2019
Banco de Câmbio,B Camb,2019,Mai,4,Mai 2019
Banco Múltiplo,BM,2019,Jun,133,Jun 2019
Banco Comercial,BC,2019,Jun,21,Jun 2019
Banco de Desenvolvimento,BD,2019,Jun,4,Jun 2019
Caixas Econômicas,CE,2019,Jun,1,Jun 2019
Banco de Investimento,BI,2019,Jun,12,Jun 2019
Banco de Câmbio,B Camb,2019,Jun,4,Jun 2019
Banco Múltiplo,BM,2019,Jul,133,Jul 2019
Banco Comercial,BC,2019,Jul,21,Jul 2019
Banco de Desenvolvimento,BD,2019,Jul,4,Jul 2019
Caixas Econômicas,CE,2019,Jul,1,Jul 2019
Banco de Investimento,BI,2019,Jul,12,Jul 2019
Banco de Câmbio,B Camb,2019,Jul,4,Jul 2019
Banco Múltiplo,BM,2019,Ago,133,Ago 2019
Banco Comercial,BC,2019,Ago,21,Ago 2019
Banco de Desenvolvimento,BD,2019,Ago,4,Ago 2019
Caixas Econômicas,CE,2019,Ago,1,Ago 2019
Banco de Investimento,BI,2019,Ago,12,Ago 2019
Banco de Câmbio,B Camb,2019,Ago,4,Ago 2019
Banco Múltiplo,BM,2019,Set,132,Set 2019
Banco Comercial,BC,2019,Set,21,Set 2019
Banco de Desenvolvimento,BD,2019,Set,4,Set 2019
Caixas Econômicas,CE,2019,Set,1,Set 2019
Banco de Investimento,BI,2019,Set,12,Set 2019
Banco de Câmbio,B Camb,2019,Set,5,Set 2019
Banco Múltiplo,BM,2019,Out,133,Out 2019
Banco Comercial,BC,2019,Out,21,Out 2019
Banco de Desenvolvimento,BD,2019,Out,4,Out 2019
Caixas Econômicas,CE,2019,Out,1,Out 2019
Banco de Investimento,BI,2019,Out,12,Out 2019
Banco de Câmbio,B Camb,2019,Out,5,Out 2019
Banco Múltiplo,BM,2019,Nov,132,Nov 2019
Banco Comercial,BC,2019,Nov,19,Nov 2019
Banco de Desenvolvimento,BD,2019,Nov,4,Nov 2019
Caixas Econômicas,CE,2019,Nov,1,Nov 2019
Banco de Investimento,BI,2019,Nov,12,Nov 2019
Banco de Câmbio,B Camb,2019,Nov,5,Nov 2019
Banco Múltiplo,BM,2019,Dez,132,Dez 2019
Banco Comercial,BC,2019,Dez,20,Dez 2019
Banco de Desenvolvimento,BD,2019,Dez,4,Dez 2019
Caixas Econômicas,CE,2019,Dez,1,Dez 2019
Banco de Investimento,BI,2019,Dez,11,Dez 2019
Banco de Câmbio,B Camb,2019,Dez,5,Dez 2019
